{
	"PatchName": "SwitchDeck - Option Patch",
	"AuthorName": "SodaSoba",
	"ID": "Generated_4811e624-4269-4861-be19-9d6e7a95e040",
	"Files": [
		{
			"FileName": "blyt/Line_Root.bflyt",
			"Patches": [
				{
					"PaneName": "P_Line",
					"Visible": false
				}
			]
		},
		{
			"FileName": "blyt/OptMain.bflyt",
			"Patches": [
				{
					"PaneName": "P_Bg",
					"UsdPatches": [
						{
							"PropName": "C_B",
							"PropValues": [
								"9",
								"1",
								"4",
								"2"
							],
							"type": 1
						},
						{
							"PropName": "C_W",
							"PropValues": [
								"9",
								"1",
								"4",
								"2"
							],
							"type": 1
						}
					],
					"ColorTL": "FF312317",
					"ColorTR": "FF312317",
					"ColorBL": "FF312317",
					"ColorBR": "FF312317"
				},
				{
					"PaneName": "P_Banner",
					"Position": {
						"X": -430.0,
						"Y": 280.0
					},
					"Size": {
						"X": 100.0,
						"Y": 150.0
					}
				}
			]
		},
		{
			"FileName": "blyt/BgPlate.bflyt",
			"Patches": [
				{
					"PaneName": "P_PlateBg",
					"UsdPatches": [
						{
							"PropName": "C_B",
							"PropValues": [
								"9",
								"1",
								"4",
								"2"
							],
							"type": 1
						},
						{
							"PropName": "C_W",
							"PropValues": [
								"9",
								"1",
								"4",
								"2"
							],
							"type": 1
						}
					],
					"ColorTL": "FF312317",
					"ColorTR": "FF312317",
					"ColorBL": "FF312317",
					"ColorBR": "FF312317"
				}
			]
		},
		{
			"FileName": "blyt/OptNav.bflyt",
			"Patches": [
				{
					"PaneName": "N_Top",
					"Size": {
						"X": 10.0,
						"Y": 180.0
					}
				}
			]
		},
		{
			"FileName": "blyt/LineHeader_Root.bflyt",
			"Patches": [
				{
					"PaneName": "P_Line",
					"Visible": false
				}
			]
		},
		{
			"FileName": "blyt/BgNav_Root.bflyt",
			"Patches": [
				{
					"PaneName": "P_NavBg",
					"UsdPatches": [
						{
							"PropName": "S_RoundRadius",
							"PropValues": [
								"0"
							],
							"type": 2
						},
						{
							"PropName": "C_B",
							"PropValues": [
								"9",
								"1",
								"4",
								"2"
							],
							"type": 1
						},
						{
							"PropName": "C_W",
							"PropValues": [
								"9",
								"1",
								"4",
								"2"
							],
							"type": 1
						}
					],
					"ColorTL": "FF3A2E1E",
					"ColorTR": "FF3A2E1E",
					"ColorBL": "FF3A2E1E",
					"ColorBR": "FF3A2E1E"
				}
			]
		}
	]
}